<application>
  <component name="AndroidLogcatFilterHistory">
    <option name="mostRecentlyUsed" value="package:mine level:error " />
    <option name="nonFavorites">
      <list>
        <option value="package:mine SVLog" />
        <option value="package:mine level:error " />
        <option value="package:mine " />
        <option value="package:mine environment" />
        <option value="tag:BIA_Android " />
        <option value="tag:BIA_Android InspectionWorker" />
        <option value="tag:BIA_Android" />
        <option value="package:mine BIA_Android" />
        <option value="package:mine tag:BIA_Android" />
        <option value="package:mine PG" />
        <option value="BIA_Android" />
        <option value="package:mine" />
        <option value="package:mine DUNBAR" />
        <option value="BIA_Android token" />
        <option value="package:mine MAIN_LOG" />
        <option value="package:mine longitude" />
        <option value="package:mine latitude" />
        <option value="level:error " />
        <option value="getSchedule" />
        <option value="level:error main" />
      </list>
    </option>
  </component>
</application>