<application>
  <component name="ProjectManager">
    <defaultProject>
      <component name="ProjectViewState">
        <option name="hideEmptyMiddlePackages" value="true" />
        <option name="showLibraryContents" value="true" />
        <option name="showVisibilityIcons" value="true" />
      </component>
      <component name="PropertiesComponent"><![CDATA[{
  "keyToString": {
    "settings.editor.selected.configurable": "editor.preferences.fonts.default"
  }
}]]></component>
      <component name="WindowStateProjectService">
        <state x="788" y="225" key="SettingsEditor" timestamp="1712153992052">
          <screen x="0" y="25" width="2560" height="1353" />
        </state>
        <state x="788" y="225" key="SettingsEditor/2560.25.2560.1415/0.25.2560.1353" timestamp="1712153992052" />
      </component>
    </defaultProject>
  </component>
</application>