<application>
  <component name="ProjectManager">
    <defaultProject>
      <component name="InspectionProjectProfileManager">
        <option name="PROJECT_PROFILE" value="MobileTeamInspections" />
        <option name="USE_PROJECT_PROFILE" value="false" />
        <version value="1.0" />
      </component>
      <component name="ProjectInspectionProfilesVisibleTreeState">
        <entry key="Project Default">
          <profile-state>
            <expanded-state>
              <State />
            </expanded-state>
            <selected-state>
              <State>
                <id>User defined</id>
              </State>
            </selected-state>
          </profile-state>
        </entry>
      </component>
      <component name="ProjectViewState">
        <option name="hideEmptyMiddlePackages" value="true" />
        <option name="showLibraryContents" value="true" />
        <option name="showVisibilityIcons" value="true" />
      </component>
      <component name="PropertiesComponent"><![CDATA[{
  "keyToString": {
    "settings.editor.selected.configurable": "Errors"
  }
}]]></component>
      <component name="RunManager">
        <configuration default="true" type="AndroidRunConfigurationType" factoryName="Android App" activateToolWindowBeforeRun="false">
          <option name="DEPLOY" value="true" />
          <option name="DEPLOY_APK_FROM_BUNDLE" value="false" />
          <option name="DEPLOY_AS_INSTANT" value="false" />
          <option name="ARTIFACT_NAME" value="" />
          <option name="PM_INSTALL_OPTIONS" value="" />
          <option name="ALL_USERS" value="false" />
          <option name="ALWAYS_INSTALL_WITH_PM" value="false" />
          <option name="CLEAR_APP_STORAGE" value="false" />
          <option name="DYNAMIC_FEATURES_DISABLED_LIST" value="" />
          <option name="ACTIVITY_EXTRA_FLAGS" value="" />
          <option name="MODE" value="default_activity" />
          <option name="CLEAR_LOGCAT" value="false" />
          <option name="SHOW_LOGCAT_AUTOMATICALLY" value="false" />
          <option name="INSPECTION_WITHOUT_ACTIVITY_RESTART" value="false" />
          <option name="TARGET_SELECTION_MODE" value="SHOW_DIALOG" />
          <option name="SELECTED_CLOUD_MATRIX_CONFIGURATION_ID" value="-1" />
          <option name="SELECTED_CLOUD_MATRIX_PROJECT_ID" value="" />
          <option name="DEBUGGER_TYPE" value="Auto" />
          <Auto>
            <option name="USE_JAVA_AWARE_DEBUGGER" value="false" />
            <option name="SHOW_STATIC_VARS" value="true" />
            <option name="WORKING_DIR" value="" />
            <option name="TARGET_LOGGING_CHANNELS" value="lldb process:gdb-remote packets" />
            <option name="SHOW_OPTIMIZED_WARNING" value="true" />
            <option name="ATTACH_ON_WAIT_FOR_DEBUGGER" value="false" />
            <option name="DEBUG_SANDBOX_SDK" value="false" />
          </Auto>
          <Hybrid>
            <option name="USE_JAVA_AWARE_DEBUGGER" value="false" />
            <option name="SHOW_STATIC_VARS" value="true" />
            <option name="WORKING_DIR" value="" />
            <option name="TARGET_LOGGING_CHANNELS" value="lldb process:gdb-remote packets" />
            <option name="SHOW_OPTIMIZED_WARNING" value="true" />
            <option name="ATTACH_ON_WAIT_FOR_DEBUGGER" value="false" />
            <option name="DEBUG_SANDBOX_SDK" value="false" />
          </Hybrid>
          <Java>
            <option name="ATTACH_ON_WAIT_FOR_DEBUGGER" value="false" />
            <option name="DEBUG_SANDBOX_SDK" value="false" />
          </Java>
          <Native>
            <option name="USE_JAVA_AWARE_DEBUGGER" value="false" />
            <option name="SHOW_STATIC_VARS" value="true" />
            <option name="WORKING_DIR" value="" />
            <option name="TARGET_LOGGING_CHANNELS" value="lldb process:gdb-remote packets" />
            <option name="SHOW_OPTIMIZED_WARNING" value="true" />
            <option name="ATTACH_ON_WAIT_FOR_DEBUGGER" value="false" />
            <option name="DEBUG_SANDBOX_SDK" value="false" />
          </Native>
          <Profilers>
            <option name="ADVANCED_PROFILING_ENABLED" value="false" />
            <option name="STARTUP_PROFILING_ENABLED" value="false" />
            <option name="STARTUP_CPU_PROFILING_ENABLED" value="false" />
            <option name="STARTUP_CPU_PROFILING_CONFIGURATION_NAME" value="Java/Kotlin Method Sample (legacy)" />
            <option name="STARTUP_NATIVE_MEMORY_PROFILING_ENABLED" value="false" />
            <option name="NATIVE_MEMORY_SAMPLE_RATE_BYTES" value="2048" />
          </Profilers>
          <option name="DEEP_LINK" value="" />
          <option name="ACTIVITY_CLASS" value="" />
          <option name="SEARCH_ACTIVITY_IN_GLOBAL_SCOPE" value="false" />
          <option name="SKIP_ACTIVITY_VALIDATION" value="false" />
          <method v="2" />
        </configuration>
      </component>
      <component name="WindowStateProjectService">
        <state x="462" y="207" width="905" height="677" key="#Run/Debug_Configuration_Templates" timestamp="1714584371360">
          <screen x="0" y="38" width="1728" height="1016" />
        </state>
        <state x="462" y="207" width="905" height="677" key="#Run/Debug_Configuration_Templates/0.38.1728.1016" timestamp="1714584371360" />
        <state x="532" y="188" key="SettingsEditor" timestamp="1714584356687">
          <screen x="0" y="38" width="1728" height="1016" />
        </state>
        <state x="532" y="188" key="SettingsEditor/0.38.1728.1016" timestamp="1714584356687" />
        <state x="788" y="225" key="SettingsEditor/2560.25.2560.1415/0.25.2560.1353" timestamp="1712153992052" />
      </component>
    </defaultProject>
  </component>
</application>