<application>
  <component name="ProjectManager">
    <defaultProject>
      <component name="ProjectViewState">
        <option name="hideEmptyMiddlePackages" value="true" />
        <option name="showLibraryContents" value="true" />
        <option name="showVisibilityIcons" value="true" />
      </component>
      <component name="PropertiesComponent"><![CDATA[{
  "keyToString": {
    "settings.editor.selected.configurable": "reference.settingsdialog.IDE.editor.colors"
  }
}]]></component>
      <component name="WindowStateProjectService">
        <state x="789" y="272" key="SettingsEditor" timestamp="1697832968319">
          <screen x="0" y="25" width="2560" height="1352" />
        </state>
        <state x="789" y="272" key="SettingsEditor/0.25.2560.1352/2560.25.2560.1415/-2560.25.2560.1415" timestamp="1697832968319" />
      </component>
    </defaultProject>
  </component>
</application>