<profile version="1.0">
  <option name="myName" value="MobileTeamInspections" />
  <inspection_tool class="AndroidLintDuplicateIncludedIds" enabled="true" level="ERROR" enabled_by_default="true" />
  <inspection_tool class="AndroidLintMinSdkTooLow" enabled="true" level="WARNING" enabled_by_default="true" />
  <inspection_tool class="AndroidLintRegistered" enabled="true" level="WARNING" enabled_by_default="true" />
  <inspection_tool class="AndroidLintRtlHardcoded" enabled="true" level="ERROR" enabled_by_default="true" />
  <inspection_tool class="LocalCanBeFinal" enabled="true" level="WARNING" enabled_by_default="true">
    <option name="REPORT_VARIABLES" value="true" />
    <option name="REPORT_PARAMETERS" value="true" />
  </inspection_tool>
  <inspection_tool class="MagicNumber" enabled="true" level="WARNING" enabled_by_default="true" />
  <inspection_tool class="StaticImport" enabled="true" level="WARNING" enabled_by_default="true" />
</profile>